Feature,SHAP Importance
OverTime,0.0007416025382201788
Department,0.0005903537573238684
WorkLifeBalance,0.0005785935476849475
JobInvolvement,0.0005675617591884255
BusinessTravel,0.0004985877446336063
RelationshipSatisfaction,0.00040040700035031237
NumCompaniesWorked,0.0003214635944286638
Gender,0.0002805213459267937
JobLevel,0.00020720975246607098
EducationField,0.00014887229100159718
