Feature,Mean |SHAP|,Direction
OverTime,0.1606025155605154,0
NumCompaniesWorked,0.08649628411226293,0
BusinessTravel,0.08394060285385309,0
DistanceFromHome,0.07726586841896944,0
JobSatisfaction,0.06943933379391487,0
WorkLifeBalance,0.05950251489289532,0
JobInvolvement,0.05793076941935136,0
YearsInCurrentRole,0.05420114456417771,1
RelationshipSatisfaction,0.053440934962583196,0
Age,0.05243863364153684,0
